image_urls,images,title,tags
https://images.unsplash.com/photo-1715939477771-74ffedd6a072,"[{'url': 'https://images.unsplash.com/photo-1715939477771-74ffedd6a072', 'path': 'full/4d95a786d01c467c1255edb191cd2daf5abc4b09.jpg', 'checksum': '6af2caba63369ce95715004902aa0f3d', 'status': 'downloaded'}]",A black and white photo of a tall building photo – Free Wrocław Image on Unsplash,"wrocław,poland,Hd pattern wallpapers,Hd windows wallpapers,grid,Hd white wallpapers,Hd black wallpapers,monochrome,architecture,Hd dark wallpapers,Hd geometric wallpapers,office building,building,town,Hd city wallpapers,urban,wall,outdoors,Creative Commons images"
https://images.unsplash.com/photo-1715940049301-3d616ed28bba,"[{'url': 'https://images.unsplash.com/photo-1715940049301-3d616ed28bba', 'path': 'full/b2b84574ae110cdc3f31f4f178cbe5ba9401d808.jpg', 'checksum': '6143f114d8432148811ed5d27b7b67ab', 'status': 'downloaded'}]",Kajetan Powolny (@brutalgeometric) | Unsplash Photo Community,
https://images.unsplash.com/photo-1715647238340-c592a59102e5,"[{'url': 'https://images.unsplash.com/photo-1715647238340-c592a59102e5', 'path': 'full/e66e92b4c953dd96b4e775b15ee4842688a383ce.jpg', 'checksum': '6fed54bf3f69c395847b88a9f8629917', 'status': 'downloaded'}]",A man standing in front of a black and white photo photo – Free Grey Image on Unsplash,"Hd grey wallpapers,People images & pictures,face,photography,photo,head,human,portrait,adult,man,male,plastic wrap,lady,Creative Commons images"
https://images.unsplash.com/photo-1543080781-9021693896bf,"[{'url': 'https://images.unsplash.com/photo-1543080781-9021693896bf', 'path': 'full/9e40d42d0a368863cc7dfa553e767029decf97e1.jpg', 'checksum': '37953f084fae9b3ae5731a4645ed90bf', 'status': 'downloaded'}]",Close Up Block of Flats. (Photo by George Marks/Retrofile/Getty Images) photo – Architecture Image on Unsplash,"architecture,apartment building,residential complex,block of flats,neighborhood,residential,apartment,no people,facade,Hd windows wallpapers,Hd city wallpapers,building exterior,residential district,city life,archival,House images,residential building,1950-1959,Free images"
https://images.unsplash.com/photo-1716595792584-9546ff238176,"[{'url': 'https://images.unsplash.com/photo-1716595792584-9546ff238176', 'path': 'full/ea31f7a30a198666da2e0dbaad864d8d58e434e3.jpg', 'checksum': 'ec6e8e9a6be8ade09161ac6980042a4d', 'status': 'downloaded'}]",A black and white photo of a person standing in front of a railing photo – Free Grey Image on Unsplash,"Hd grey wallpapers,street photography,handrail,banister,People images & pictures,human,Hd water wallpapers,waterfront,railing,shoe,urban,town,Hd city wallpapers,metropolis,House images,housing,staircase,weather,outdoors,Nature images,Free images"
https://images.unsplash.com/photo-1716369413794-548cfc2105ee,"[{'url': 'https://images.unsplash.com/photo-1716369413794-548cfc2105ee', 'path': 'full/c9a4d612ae9a4db258bf6dd4c7c4ad478b99badb.jpg', 'checksum': '2b53840c8742bfb496a4f036731c941e', 'status': 'downloaded'}]",Tomáš Malík (@malcoo) | Unsplash Photo Community,
https://images.unsplash.com/photo-1716369415146-5a331c93d953,"[{'url': 'https://images.unsplash.com/photo-1716369415146-5a331c93d953', 'path': 'full/fbcc325e55423262a41ad60872e8e06f6e87a51d.jpg', 'checksum': '23170066ffc0dad4fa3ab71d203a111d', 'status': 'downloaded'}]",A large alligator laying on top of a body of water photo – Free Grey Image on Unsplash,"Hd grey wallpapers,reptile,lizard,Animals images & pictures,crocodile,alligator,Free pictures"
https://images.unsplash.com/photo-1494134825241-9daf2b74efef,"[{'url': 'https://images.unsplash.com/photo-1494134825241-9daf2b74efef', 'path': 'full/98178e39e41c8b570ae0d88ca0c1060f1ab07b39.jpg', 'checksum': '2775d0be0076753ecdcccb69f89f6670', 'status': 'downloaded'}]",A bunch of dirty dishes sitting on top of a table photo – Ceramics Image on Unsplash,"ceramics,bowl,bowls,props styling,accessories,plates,plate,cookware,Grey backgrounds,kitchen,utensils,kitchenware,Hd grey wallpapers,grey coloured,crockery,concrete texture,props,food photography,HD Wallpapers"
https://images.unsplash.com/photo-1716449262006-86182cac98db,"[{'url': 'https://images.unsplash.com/photo-1716449262006-86182cac98db', 'path': 'full/028ae67ed0d733a3bbf65edf8cedd236b6bd22b7.jpg', 'checksum': '7ac289bfa40cd3a769936d03eab71441', 'status': 'downloaded'}]",A view of a mountain through the branches of a tree photo – Free Traunstein Image on Unsplash,"traunstein,Hd grey wallpapers,österreich,gmunden,Nature images,austria,foggy mountain,Mountain images & pictures,autumn mood,fog and mist,explore austria,outside,nature photography,moody,moody mountains,austrian mountains,alps,austrian alps,traunsee,weather,Free pictures"
https://images.unsplash.com/photo-1715464881886-0fd63cd7997b,"[{'url': 'https://images.unsplash.com/photo-1715464881886-0fd63cd7997b', 'path': 'full/54228c75302ab29e1e5b91716ad8d0fd65a51b9b.jpg', 'checksum': 'd780f2d57976fe9cf07894dad5fbf34c', 'status': 'downloaded'}]",A black and gold abstract background with a light at the end photo – Free Lighting Image on Unsplash,"lighting,Light backgrounds,flare,weapon,weaponry,Hd grey wallpapers,Free images"
https://images.unsplash.com/photo-1716244044193-1cb4daa4f487,"[{'url': 'https://images.unsplash.com/photo-1716244044193-1cb4daa4f487', 'path': 'full/3135c90da1f2352a80082e8f3fd682ea9200811c.jpg', 'checksum': '2436dff35b09e8ee9b4108ffe218e228', 'status': 'downloaded'}]",A large rock sticking out of the ocean photo – Free Cannon beach Image on Unsplash,"cannon beach,Hd grey wallpapers,or,usa,rock,Beach images & pictures,haystack rock,cannon beach oregon,cliff,outdoors,Nature images,Hd water wallpapers,promontory,sea,Hd ocean wallpapers,Animals images & pictures,Birds images,land,shoreline,coast,Backgrounds"
https://images.unsplash.com/photo-1716143182161-5ecc6230d10e,"[{'url': 'https://images.unsplash.com/photo-1716143182161-5ecc6230d10e', 'path': 'full/2b37b549f711fdb1a25812b2ed38ec7042f5774a.jpg', 'checksum': '651db1c81533f7118a6acd9b604808ea', 'status': 'downloaded'}]",A black and white photo of a metal object photo – Free Grey Image on Unsplash,"Hd grey wallpapers,digital image,render,Hd 3d wallpapers,gray,device,electrical device,appliance,HD Wallpapers"
https://images.unsplash.com/photo-1716300590561-03363f690100,"[{'url': 'https://images.unsplash.com/photo-1716300590561-03363f690100', 'path': 'full/6a5a13af0087a94db0ef1d5a2fbbbe31941f6951.jpg', 'checksum': '8693cb56cfb098eb28470f237309c452', 'status': 'downloaded'}]",Valentin Lacoste (@valentinlacoste) | Unsplash Photo Community,
https://images.unsplash.com/photo-1715647264677-fb0d53ab4508,"[{'url': 'https://images.unsplash.com/photo-1715647264677-fb0d53ab4508', 'path': 'full/7154c4acfce3d5c9c1320a702539ee9ad8a0c185.jpg', 'checksum': '22e681d96af4d461a4d10a0cb0300bb1', 'status': 'downloaded'}]",Brock Wegner (@isthatbrock) | Unsplash Photo Community,
https://images.unsplash.com/photo-1714733708350-494d0d28dfa0,"[{'url': 'https://images.unsplash.com/photo-1714733708350-494d0d28dfa0', 'path': 'full/1f9ef97e3b10f071f348308dd288a936b7eae642.jpg', 'checksum': '9f5ae16617cb11e1e61cd89cb359eb06', 'status': 'downloaded'}]",A tall building with a clock on the side of it photo – Free Building Image on Unsplash,"building,office building,urban,Hd city wallpapers,town,construction,Free stock photos"
https://images.unsplash.com/photo-1716143493332-b0a37f53f1ca,"[{'url': 'https://images.unsplash.com/photo-1716143493332-b0a37f53f1ca', 'path': 'full/82f6277050c74ef39466dbb986adacca86a9b3b5.jpg', 'checksum': '82180a26f462dacd240451b6ef9ea1d0', 'status': 'downloaded'}]",Milad Fakurian (@fakurian) | Unsplash Photo Community,
https://images.unsplash.com/photo-1716739798892-b91729332912,"[{'url': 'https://images.unsplash.com/photo-1716739798892-b91729332912', 'path': 'full/209ea13641f071cc4f668a9c89f6f1713f7d5a17.jpg', 'checksum': '81c36b919c7c66c784a757d413be0586', 'status': 'downloaded'}]",Toxic Smoker (@toxicsmoker) | Unsplash Photo Community,
https://images.unsplash.com/photo-1714498988410-8ff6397ca441,"[{'url': 'https://images.unsplash.com/photo-1714498988410-8ff6397ca441', 'path': 'full/30e226504f4dec53abf14bc8f1fae2a491b3f6d8.jpg', 'checksum': '5d5e9202de810a8f0b99ae7fb85ba851', 'status': 'downloaded'}]",A snow covered mountain with trees in the foreground photo – Free North cascades national park Image on Unsplash,"north cascades national park,washington,usa,Mountain images & pictures,Nature images,Tree images & pictures,Hd snow wallpapers,north cascades,national park,Tree images & pictures,outdoors,mountain range,peak,vegetation,woodland,Hd forest wallpapers,land,Hd scenery wallpapers,Free images"
https://images.unsplash.com/photo-1716980504165-8dc5da475525,"[{'url': 'https://images.unsplash.com/photo-1716980504165-8dc5da475525', 'path': 'full/04b650165c10389c82609dfdda5d100d746a9d5e.jpg', 'checksum': '464c010560c07ceffed24c541ab283eb', 'status': 'downloaded'}]",Zach Lezniewicz (@zachlez) | Unsplash Photo Community,
https://images.unsplash.com/photo-1716449261837-8393f108bf6c,"[{'url': 'https://images.unsplash.com/photo-1716449261837-8393f108bf6c', 'path': 'full/0ed1c51278d315c9ab5bcea00732ccb5782c4a70.jpg', 'checksum': '72aac725497a4f26625e57d729071848', 'status': 'downloaded'}]",A bunch of white flowers on a branch photo – Free Flowers Image on Unsplash,"Flower images,detailed photo,outside,outdoors,spring photos,Spring images & pictures,white flower,flower photography,nature photography,Nature images,blossom,Flower images,petal,amaryllidaceae,aster,daisy,asteraceae,anther,HD Wallpapers"
https://images.unsplash.com/photo-1716449262015-7b97bb7ac40a,"[{'url': 'https://images.unsplash.com/photo-1716449262015-7b97bb7ac40a', 'path': 'full/998a9270faa9ff14fa485e88dfa067954eb55fcd.jpg', 'checksum': 'b543c203fda417f18e68bec8dc52b005', 'status': 'downloaded'}]",A view of a mountain covered in fog photo – Free Traunstein Image on Unsplash,"traunstein,gmunden,österreich,Nature images,nature photography,explore austria,outside,fog and mist,autumn mood,Mountain images & pictures,austria,foggy mountain,moody mountains,moody,traunsee,austrian alps,alps,austrian mountains,outdoors,weather,HD Wallpapers"
https://images.unsplash.com/photo-1716479442353-c98d3f88efe4,"[{'url': 'https://images.unsplash.com/photo-1716479442353-c98d3f88efe4', 'path': 'full/7bdc30ba5d9018839afbd5d720379c8c3349ba44.jpg', 'checksum': '2c26729b5442beb86e3c08019adb3613', 'status': 'downloaded'}]",A white vase with a single white flower in it photo – Free Flower Image on Unsplash,"Flower images,anemone,vase,relaxing,relax,delicate,natalie kinnear,Hd pretty wallpapers,white painted wood,minimalism,minimal,White backgrounds,Hd white wallpapers,Flower images,anemone wild swan,Hd yellow wallpapers,calming,calm,blossom,asteraceae,Public domain images"
https://images.unsplash.com/photo-1715523692156-77aebf1a1d43,"[{'url': 'https://images.unsplash.com/photo-1715523692156-77aebf1a1d43', 'path': 'full/c25486f3830761cd064f559fb0a75785f667c27e.jpg', 'checksum': '17d84be2583caea3410cb2e189e174b1', 'status': 'downloaded'}]",A small owl perched on top of a wooden post photo – Free Swedish lapland Image on Unsplash,"swedish lapland,Nature images,Hd grey wallpapers,Birds images,Owl images & pictures,winter photography,wildlife photography,wild birds,wild animal,telephoto lens,sweden,sony photography,sony alpha 7riv,Owl images & pictures,owl feather,owl eye,nature photography,moody owl,moody,hunter,Free pictures"
https://images.unsplash.com/photo-1716660565802-52f1a05c4f79,"[{'url': 'https://images.unsplash.com/photo-1716660565802-52f1a05c4f79', 'path': 'full/b81c3ca6b0020b387ccfc9493afb467021cca3aa.jpg', 'checksum': '9cc74f687958529b2fcfb6f1e339c3f5', 'status': 'downloaded'}]",Christoph Nolte (@pic_nolte) | Unsplash Photo Community,
https://images.unsplash.com/photo-1716318218586-5242dc855b87,"[{'url': 'https://images.unsplash.com/photo-1716318218586-5242dc855b87', 'path': 'full/b0f2253bbdeba7ab29d6df0de8be2f9fa220dff8.jpg', 'checksum': 'b4e08bad6141e8c71e5caa03da22aa9c', 'status': 'downloaded'}]",Jacob Grishey (@jgrishey) | Unsplash Photo Community,
https://images.unsplash.com/photo-1716904373527-9903f875770f,"[{'url': 'https://images.unsplash.com/photo-1716904373527-9903f875770f', 'path': 'full/13c320c393f03452c8d68747f28043dca03f5a7e.jpg', 'checksum': '8b46db6505ee054c2356640560980a09', 'status': 'downloaded'}]",Natalie Kinnear (@nataliekinnear) | Unsplash Photo Community,
https://images.unsplash.com/photo-1716980197267-1c4a9ed68770,"[{'url': 'https://images.unsplash.com/photo-1716980197267-1c4a9ed68770', 'path': 'full/5088c68b9f29eded65cc3c2129bb774b155da3ac.jpg', 'checksum': '43581fdd63bd790c3071ad57e8016975', 'status': 'downloaded'}]",Marek Piwnicki (@marekpiwnicki) | Unsplash Photo Community,
https://images.unsplash.com/photo-1604147706283-d7119b5b822c,"[{'url': 'https://images.unsplash.com/photo-1604147706283-d7119b5b822c', 'path': 'full/d20e7af4f2473f786deca66c73ec13ab0ea44e09.jpg', 'checksum': '2f6e2bc302bbe8f9999df9e1416f2da1', 'status': 'downloaded'}]",A white piece of paper with some lines on it photo – Copy space Image on Unsplash,"copy space,Paper backgrounds,Texture backgrounds,wedding invite,neutral texture,Wedding backgrounds,Hq background images,textured wedding background,Hd grey wallpapers,muted tones,Texture backgrounds,Hd wallpapers,Hd textured wallpapers,Paper backgrounds,Simple backgrounds,minimal,gray wallpaper,gray background,gray,Hd grey wallpapers,Creative Commons images"
https://images.unsplash.com/photo-1716223996703-b8f463326631,"[{'url': 'https://images.unsplash.com/photo-1716223996703-b8f463326631', 'path': 'full/099600e34cbd0e6d6193fefc406f13af6762a238.jpg', 'checksum': 'fc02ec35909381b991ab162ceba986c3', 'status': 'downloaded'}]",A black and white photo of a woman standing in front of a book store photo – Free Amsterdam Image on Unsplash,"amsterdam,netherlands,netherlands architecture,netherlands street,street photo,street photography film,street,analog film shot,analogue photos,analogue photography,35mm film camera,35mm,35mm film,Hd black wallpapers,Book images & photos,publication,adult,human,male,man,Public domain images"
https://images.unsplash.com/photo-1716918658730-1aa57f9d4e5c,"[{'url': 'https://images.unsplash.com/photo-1716918658730-1aa57f9d4e5c', 'path': 'full/d9126c3b2fc9d426372e83a2980cc9dc10f1ddc3.jpg', 'checksum': 'fe2a92f0b61630d0f1a71775221534a4', 'status': 'downloaded'}]",A very tall mountain covered in snow under a cloudy sky photo – Free Torres del paine Image on Unsplash,"torres del paine,torres de paine,chile,Mountain images & pictures,mountain range,Nature images,outdoors,peak,ice,Hd scenery wallpapers,Hd snow wallpapers,avalanche,glacier,Free images"
https://images.unsplash.com/photo-1700498581738-6abdda1be0bd,"[{'url': 'https://images.unsplash.com/photo-1700498581738-6abdda1be0bd', 'path': 'full/eedd8c3d1eb6bfd7cfed8113c4d1b88e41e42636.jpg', 'checksum': 'f02cd5d40ef3bd946aac9bed0e1a95ee', 'status': 'downloaded'}]",Shubham Dhage (@illustratiions) | Unsplash Photo Community,
https://images.unsplash.com/photo-1716407406496-e9cafce02032,"[{'url': 'https://images.unsplash.com/photo-1716407406496-e9cafce02032', 'path': 'full/ff6afea0d95da806f1d377dd4930919da1db4273.jpg', 'checksum': '9338efc386aed41db92a03b9862d4d35', 'status': 'downloaded'}]",A black and white photo of a snowy mountain photo – Free Grey Image on Unsplash,"Hd grey wallpapers,Hd snow wallpapers,Hd black wallpapers,photo,Tree images & pictures,Hq background images,screensaver,mood,Hd holiday wallpapers,Travel images,road,Summer images & pictures,bw,Italy pictures & images,dolemites,Mountain images & pictures,climb,Hd white wallpapers,outdoors,Nature images,HD Wallpapers"
https://images.unsplash.com/photo-1716407406496-e9cafce02032,"[{'url': 'https://images.unsplash.com/photo-1716407406496-e9cafce02032', 'path': 'full/ff6afea0d95da806f1d377dd4930919da1db4273.jpg', 'checksum': '9338efc386aed41db92a03b9862d4d35', 'status': 'downloaded'}]",Jorgen Hendriksen (@jor9en) | Unsplash Photo Community,
https://images.unsplash.com/photo-1716223996671-d834e85ccdc6,"[{'url': 'https://images.unsplash.com/photo-1716223996671-d834e85ccdc6', 'path': 'full/d0253fa75ebcd3c3a8bef367434612e8e4b867be.jpg', 'checksum': 'b9e9b1dcc4b1aac97eb9528e83544dae', 'status': 'downloaded'}]",Tetiana Kobzeva (@kobzevvaa) | Unsplash Photo Community,
https://images.unsplash.com/photo-1716450083583-af876e3b2fb8,"[{'url': 'https://images.unsplash.com/photo-1716450083583-af876e3b2fb8', 'path': 'full/9c0b5b2df03523dd1f3b94565e76424bfc25fe76.jpg', 'checksum': '8aeafb7ebb3fb5aba1be677409cb1623', 'status': 'downloaded'}]",Anna (@anna_c_wilhelm) | Unsplash Photo Community,
https://images.unsplash.com/photo-1444412667101-4eccfdeeff07,"[{'url': 'https://images.unsplash.com/photo-1444412667101-4eccfdeeff07', 'path': 'full/a640f9881fbe4f11a431373c97547c9c4f1d939b.jpg', 'checksum': '7f7e5826f4b78c7815ed7e0a1355c3e6', 'status': 'downloaded'}]",A couple of women sitting next to each other photo – Person of color Image on Unsplash,"person of color,black person,gen z,millenial,fashion,lifestyle,shadows,bikini,Free pictures"
https://images.unsplash.com/photo-1604446378430-76ea29a3b6c4,"[{'url': 'https://images.unsplash.com/photo-1604446378430-76ea29a3b6c4', 'path': 'full/d7cd37f4bc732521e83550ea62d38e02c6d4648d.jpg', 'checksum': '46d45e216b5617245fd920da24b9eb47', 'status': 'downloaded'}]",A black and white photo of a woman holding a cell phone photo – Technology Image on Unsplash,"technology,obsession,addiction,mental health,social media,dark side of social media,social media addict,holding phone,using phone,Instagram pictures & photos,dark side,b&w,bw,Free images"
https://images.unsplash.com/photo-1716896323089-bc494c51ed55,"[{'url': 'https://images.unsplash.com/photo-1716896323089-bc494c51ed55', 'path': 'full/f59964ca6af8774adb8267e83bf7497a6a048dc2.jpg', 'checksum': '2c42f20d639d4929613543a9204787bd', 'status': 'downloaded'}]",Annie Spratt (@anniespratt) | Unsplash Photo Community,
https://images.unsplash.com/photo-1716660565802-52f1a05c4f79,"[{'url': 'https://images.unsplash.com/photo-1716660565802-52f1a05c4f79', 'path': 'full/b81c3ca6b0020b387ccfc9493afb467021cca3aa.jpg', 'checksum': '9cc74f687958529b2fcfb6f1e339c3f5', 'status': 'downloaded'}]",Christoph Nolte (@pic_nolte) | Unsplash Photo Community,
https://images.unsplash.com/photo-1716318218586-5242dc855b87,"[{'url': 'https://images.unsplash.com/photo-1716318218586-5242dc855b87', 'path': 'full/b0f2253bbdeba7ab29d6df0de8be2f9fa220dff8.jpg', 'checksum': 'b4e08bad6141e8c71e5caa03da22aa9c', 'status': 'downloaded'}]",Jacob Grishey (@jgrishey) | Unsplash Photo Community,
https://images.unsplash.com/photo-1716904373527-9903f875770f,"[{'url': 'https://images.unsplash.com/photo-1716904373527-9903f875770f', 'path': 'full/13c320c393f03452c8d68747f28043dca03f5a7e.jpg', 'checksum': '8b46db6505ee054c2356640560980a09', 'status': 'downloaded'}]",Natalie Kinnear (@nataliekinnear) | Unsplash Photo Community,
https://images.unsplash.com/photo-1716980197267-1c4a9ed68770,"[{'url': 'https://images.unsplash.com/photo-1716980197267-1c4a9ed68770', 'path': 'full/5088c68b9f29eded65cc3c2129bb774b155da3ac.jpg', 'checksum': '43581fdd63bd790c3071ad57e8016975', 'status': 'downloaded'}]",Marek Piwnicki (@marekpiwnicki) | Unsplash Photo Community,
https://images.unsplash.com/photo-1604147706283-d7119b5b822c,"[{'url': 'https://images.unsplash.com/photo-1604147706283-d7119b5b822c', 'path': 'full/d20e7af4f2473f786deca66c73ec13ab0ea44e09.jpg', 'checksum': '2f6e2bc302bbe8f9999df9e1416f2da1', 'status': 'downloaded'}]",A white piece of paper with some lines on it photo – Copy space Image on Unsplash,
https://images.unsplash.com/photo-1716223996703-b8f463326631,"[{'url': 'https://images.unsplash.com/photo-1716223996703-b8f463326631', 'path': 'full/099600e34cbd0e6d6193fefc406f13af6762a238.jpg', 'checksum': 'fc02ec35909381b991ab162ceba986c3', 'status': 'downloaded'}]",A black and white photo of a woman standing in front of a book store photo – Free Amsterdam Image on Unsplash,
https://images.unsplash.com/photo-1716918658730-1aa57f9d4e5c,"[{'url': 'https://images.unsplash.com/photo-1716918658730-1aa57f9d4e5c', 'path': 'full/d9126c3b2fc9d426372e83a2980cc9dc10f1ddc3.jpg', 'checksum': 'fe2a92f0b61630d0f1a71775221534a4', 'status': 'downloaded'}]",A very tall mountain covered in snow under a cloudy sky photo – Free Torres del paine Image on Unsplash,
https://images.unsplash.com/photo-1700498581738-6abdda1be0bd,"[{'url': 'https://images.unsplash.com/photo-1700498581738-6abdda1be0bd', 'path': 'full/eedd8c3d1eb6bfd7cfed8113c4d1b88e41e42636.jpg', 'checksum': 'f02cd5d40ef3bd946aac9bed0e1a95ee', 'status': 'downloaded'}]",Shubham Dhage (@illustratiions) | Unsplash Photo Community,
https://images.unsplash.com/photo-1716407406496-e9cafce02032,"[{'url': 'https://images.unsplash.com/photo-1716407406496-e9cafce02032', 'path': 'full/ff6afea0d95da806f1d377dd4930919da1db4273.jpg', 'checksum': '9338efc386aed41db92a03b9862d4d35', 'status': 'downloaded'}]",A black and white photo of a snowy mountain photo – Free Grey Image on Unsplash,
https://images.unsplash.com/photo-1716407406496-e9cafce02032,"[{'url': 'https://images.unsplash.com/photo-1716407406496-e9cafce02032', 'path': 'full/ff6afea0d95da806f1d377dd4930919da1db4273.jpg', 'checksum': '9338efc386aed41db92a03b9862d4d35', 'status': 'downloaded'}]",Jorgen Hendriksen (@jor9en) | Unsplash Photo Community,
https://images.unsplash.com/photo-1716223996671-d834e85ccdc6,"[{'url': 'https://images.unsplash.com/photo-1716223996671-d834e85ccdc6', 'path': 'full/d0253fa75ebcd3c3a8bef367434612e8e4b867be.jpg', 'checksum': 'b9e9b1dcc4b1aac97eb9528e83544dae', 'status': 'downloaded'}]",Tetiana Kobzeva (@kobzevvaa) | Unsplash Photo Community,
https://images.unsplash.com/photo-1716450083583-af876e3b2fb8,"[{'url': 'https://images.unsplash.com/photo-1716450083583-af876e3b2fb8', 'path': 'full/9c0b5b2df03523dd1f3b94565e76424bfc25fe76.jpg', 'checksum': '8aeafb7ebb3fb5aba1be677409cb1623', 'status': 'downloaded'}]",Anna (@anna_c_wilhelm) | Unsplash Photo Community,
https://images.unsplash.com/photo-1444412667101-4eccfdeeff07,"[{'url': 'https://images.unsplash.com/photo-1444412667101-4eccfdeeff07', 'path': 'full/a640f9881fbe4f11a431373c97547c9c4f1d939b.jpg', 'checksum': '7f7e5826f4b78c7815ed7e0a1355c3e6', 'status': 'downloaded'}]",A couple of women sitting next to each other photo – Person of color Image on Unsplash,
https://images.unsplash.com/photo-1604446378430-76ea29a3b6c4,"[{'url': 'https://images.unsplash.com/photo-1604446378430-76ea29a3b6c4', 'path': 'full/d7cd37f4bc732521e83550ea62d38e02c6d4648d.jpg', 'checksum': '46d45e216b5617245fd920da24b9eb47', 'status': 'downloaded'}]",A black and white photo of a woman holding a cell phone photo – Technology Image on Unsplash,
https://images.unsplash.com/photo-1716896323089-bc494c51ed55,"[{'url': 'https://images.unsplash.com/photo-1716896323089-bc494c51ed55', 'path': 'full/f59964ca6af8774adb8267e83bf7497a6a048dc2.jpg', 'checksum': '2c42f20d639d4929613543a9204787bd', 'status': 'downloaded'}]",Annie Spratt (@anniespratt) | Unsplash Photo Community,
